object,category,type,path,m_score,recognition
typewriter,office_supplies,nonliving,thesis_stim/typewriter_exemplar1.jpg,0.410714,old
pager,electronics,nonliving,thesis_stim/pager_exemplar1.jpg,0.333333,old
toy wagon,toys,nonliving,thesis_stim/toy_wagon_exemplar1.jpg,0.693878,old
hammock,furniture,nonliving,thesis_stim/hammock_exemplar1.jpg,0.510204,old
rockinghorse,toys,nonliving,thesis_stim/rockinghorse_exemplar1.jpg,0.613636,old
fox,mammal,living,thesis_stim/fox_exemplar1.jpg,0.66,old
joystick,electronics,nonliving,thesis_stim/joystick_exemplar1.jpg,0.636364,old
saltshaker,kitchen_items,nonliving,thesis_stim/saltshaker_exemplar1.jpg,0.666667,old
safe,tools,nonliving,thesis_stim/safe_exemplar1.jpg,0.571429,old
mixer,appliances,nonliving,thesis_stim/mixer_exemplar1.jpg,0.6,old
cross,decor,nonliving,thesis_stim/cross_exemplar1.jpg,0.790698,old
moose,mammal,living,thesis_stim/moose_exemplar1.jpg,0.666667,old
pushpin,office_supplies,nonliving,thesis_stim/pushpin_exemplar1.jpg,0.625,old
sidewalk,street_items,nonliving,thesis_stim/sidewalk_exemplar1.jpg,0.8,old
frame,household_items,nonliving,thesis_stim/frame_exemplar1.jpg,0.464286,old
gamepad,electronics,nonliving,thesis_stim/gamepad_exemplar1.jpg,0.470588,old
jukebox,music_inst,nonliving,thesis_stim/jukebox_exemplar1.jpg,0.54386,old
rollerblade,sports,nonliving,thesis_stim/rollerblade_exemplar1.jpg,0.457143,old
spoon,kitchen_items,nonliving,thesis_stim/spoon_exemplar1.jpg,0.482759,old
cooler,kitchen_items,nonliving,thesis_stim/cooler_exemplar1.jpg,0.2,old
loofah,tools,nonliving,thesis_stim/loofah_exemplar1.jpg,0.4,old
shuttlecock,sports,nonliving,thesis_stim/shuttlecock_exemplar1.jpg,0.388889,old
cookie tin,kitchen_items,nonliving,thesis_stim/cookie_tin_exemplar1.jpg,0.269231,old
waterjug,kitchen_items,nonliving,thesis_stim/waterjug_exemplar1.jpg,0.48,old
trash can,street_items,nonliving,thesis_stim/trash_can_exemplar1.jpg,0.66,old
washboard,tools,nonliving,thesis_stim/washboard_exemplar1.jpg,0.367347,old
mussel,sea,living,thesis_stim/mussel_exemplar1.jpg,0.933333,old
flamingo,birds,living,thesis_stim/flamingo_exemplar1.jpg,0.857143,old
baking pan,kitchen_items,nonliving,thesis_stim/baking_pan_exemplar1.jpg,0.4,old
bassoon,music_inst,nonliving,thesis_stim/bassoon_exemplar1.jpg,0.642857,old
wristwatch,clothing,nonliving,thesis_stim/wristwatch_exemplar1.jpg,0.436364,old
pinata,decor,nonliving,thesis_stim/pinata_exemplar1.jpg,0.6,old
dresser,furniture,nonliving,thesis_stim/dresser_exemplar1.jpg,0.655172,old
snowflake,decor,nonliving,thesis_stim/snowflake_exemplar1.jpg,0.698113,old
sandpaper,tools,nonliving,thesis_stim/sandpaper_exemplar1.jpg,0.509091,old
disk,electronics,nonliving,thesis_stim/disk_exemplar1.jpg,0.68,old
fire station,building,nonliving,thesis_stim/fire_station_exemplar1.jpg,0.485714,old
trumpet,music_inst,nonliving,thesis_stim/trumpet_exemplar1.jpg,0.545455,old
ice bucket,kitchen_items,nonliving,thesis_stim/ice_bucket_exemplar1.jpg,0.2,old
lei,clothing,nonliving,thesis_stim/lei_exemplar1.jpg,0.827586,old
coffeemaker,appliances,nonliving,thesis_stim/coffeemaker_exemplar1.jpg,0.551724,old
nun,toys,nonliving,thesis_stim/nun_exemplar1.jpg,0.772727,old
umbrella,household_items,nonliving,thesis_stim/umbrella_exemplar1.jpg,0.340909,old
factory,building,nonliving,thesis_stim/factory_exemplar1.jpg,0.408163,old
chest,furniture,nonliving,thesis_stim/chest_exemplar1.jpg,0.48,old
computer mouse,electronics,nonliving,thesis_stim/computer_mouse_exemplar1.jpg,0.578947,old
chainsaw,appliances,nonliving,thesis_stim/chainsaw_exemplar1.jpg,0.527273,old
dining chair,furniture,nonliving,thesis_stim/dining_chair_exemplar1.jpg,0.297872,old
couch,furniture,nonliving,thesis_stim/couch_exemplar1.jpg,0.595745,old
eagle,birds,living,thesis_stim/eagle_exemplar1.jpg,0.78,old
gas can,tools,nonliving,thesis_stim/gas_can_exemplar1.jpg,0.711111,old
firewood,household_items,nonliving,thesis_stim/firewood_exemplar1.jpg,0.489796,old
bathtub,furniture,nonliving,thesis_stim/bathtub_exemplar1.jpg,0.527778,old
telephone,electronics,nonliving,thesis_stim/telephone_exemplar1.jpg,0.526316,old
hairbrush,household_items,nonliving,thesis_stim/hairbrush_exemplar1.jpg,0.488889,old
hunting bow,sports,nonliving,thesis_stim/hunting_bow_exemplar1.jpg,0.607143,old
cowbell,music_inst,nonliving,thesis_stim/cowbell_exemplar1.jpg,0.644444,old
swingset,street_items,nonliving,thesis_stim/swingset_exemplar1.jpg,0.44186,old
mallet,tools,nonliving,thesis_stim/mallet_exemplar1.jpg,0.571429,old
scoop,household_items,nonliving,thesis_stim/scoop_exemplar1.jpg,0.586207,old
washing machine,appliances,nonliving,thesis_stim/washing_machine_exemplar1.jpg,0.48,old
crow,birds,living,thesis_stim/crow_exemplar1.jpg,0.857143,old
covered wagon,vehicle,nonliving,thesis_stim/covered_wagon_exemplar1.jpg,0.37931,old
pagoda,building,nonliving,thesis_stim/pagoda_exemplar1.jpg,0.590909,old
stapler,office_supplies,nonliving,thesis_stim/stapler_exemplar1.jpg,0.257143,old
fishtank,furniture,nonliving,thesis_stim/fishtank_exemplar1.jpg,0.82,old
lantern,tools,nonliving,thesis_stim/lantern_exemplar1.jpg,0.555556,old
soda machine,street_items,nonliving,thesis_stim/soda_machine_exemplar1.jpg,0.535714,old
chess bishop,toys,nonliving,thesis_stim/chess_bishop_exemplar1.jpg,0.642857,old
magnifying glass,office_supplies,nonliving,thesis_stim/magnifyingglass_exemplar1.jpg,0.466666667,old
flask,kitchen_items,nonliving,thesis_stim/flask_exemplar1.jpg,0.6,old
dice,sports,nonliving,thesis_stim/dice_exemplar1.jpg,0.56,old
toy phone,toys,nonliving,thesis_stim/toy_phone_exemplar1.jpg,0.603774,old
snail,insect,living,thesis_stim/snail_exemplar1.jpg,0.816327,old
merry-go-round,building,nonliving,thesis_stim/merry-go-round_exemplar1.jpg,0.938776,old
record player,music_inst,nonliving,thesis_stim/record_player_exemplar1.jpg,0.508772,old
toothbrush,household_items,nonliving,thesis_stim/toothbrush_exemplar1.jpg,0.517857,old
packing tape,office_supplies,nonliving,thesis_stim/packing_tape_exemplar1.jpg,0.361111,old
dryer,appliances,nonliving,thesis_stim/dryer_exemplar1.jpg,0.58,old
yoyo,toys,nonliving,thesis_stim/yoyo_exemplar1.jpg,0.58,old
gorilla,mammal,living,thesis_stim/gorilla_exemplar1.jpg,0.886792,old
toy apple,toys,nonliving,thesis_stim/toy_apple_exemplar1.jpg,0.551724,old
calculator,electronics,nonliving,thesis_stim/calculator_exemplar1.jpg,0.28,old
computer monitor,electronics,nonliving,thesis_stim/computer_monitor_exemplar1.jpg,0.448276,old
beagle,mammal,living,thesis_stim/beagle_exemplar1.jpg,0.888889,old
fairy statue,decor,nonliving,thesis_stim/fairy_statue_exemplar1.jpg,0.785714,old
toy soldier,toys,nonliving,thesis_stim/toy_soldier_exemplar1.jpg,0.672727,old
harmonica,music_inst,nonliving,thesis_stim/harmonica_exemplar1.jpg,0.733333,old
cockroach,insect,living,thesis_stim/cockroach_exemplar1.jpg,0.694444,old
radio,electronics,nonliving,thesis_stim/radio_exemplar1.jpg,0.522727,old
teddybear,toys,nonliving,thesis_stim/teddybear_exemplar1.jpg,0.688889,old
sarcophagus,decor,nonliving,thesis_stim/sarcophagus_exemplar1.jpg,0.689655,old
snowglobe,decor,nonliving,thesis_stim/snowglobe_exemplar1.jpg,0.42,old
record,music_inst,nonliving,thesis_stim/record_exemplar1.jpg,0.257143,old
crossbow,sports,nonliving,thesis_stim/crossbow_exemplar1.jpg,0.46,old
flag,street_items,nonliving,thesis_stim/flag_exemplar1.jpg,0.38,old
hanger,household_items,nonliving,thesis_stim/hanger_exemplar1.jpg,0.428571,old
tennis ball,sports,nonliving,thesis_stim/tennis_ball_exemplar1.jpg,0.781818,old
key,household_items,nonliving,thesis_stim/key_exemplar1.jpg,0.46,old
binoculars,tools,nonliving,thesis_stim/binoculars_exemplar1.jpg,0.448276,old
scotch tape,office_supplies,nonliving,thesis_stim/scotch_tape_exemplar1.jpg,0.413793,old
beanie,clothing,nonliving,thesis_stim/beanie_exemplar1.jpg,0.407407,old
hut,building,nonliving,thesis_stim/hut_exemplar1.jpg,0.52,old
crayfish,sea,living,thesis_stim/crayfish_exemplar1.jpg,0.82,old
bongo drum,music_inst,nonliving,thesis_stim/bongo_drum_exemplar1.jpg,0.416667,old
arch,building,nonliving,thesis_stim/arch_exemplar1.jpg,0.6,old
lighthouse,building,nonliving,thesis_stim/lighthouse_exemplar1.jpg,0.55102,old
construction helmet,clothing,nonliving,thesis_stim/construction_helmet_exemplar1.jpg,0.4,old
building,building,nonliving,thesis_stim/building_exemplar1.jpg,0.388889,old
pearl necklace,clothing,nonliving,thesis_stim/pearl_necklace_exemplar1.jpg,0.36,old
drum set,music_inst,nonliving,thesis_stim/drum_set_exemplar1.jpg,0.583333,old
metronome,music_inst,nonliving,thesis_stim/metronome_exemplar1.jpg,0.571429,old
loudspeaker,electronics,nonliving,thesis_stim/loudspeaker_exemplar1.jpg,0.48,old
wetsuit,clothing,nonliving,thesis_stim/wetsuit_exemplar1.jpg,0.326531,old
oven,appliances,nonliving,thesis_stim/oven_exemplar1.jpg,0.527778,old
mailbox,street_items,nonliving,thesis_stim/mailbox_exemplar1.jpg,0.333333,old
barn,building,nonliving,thesis_stim/barn_exemplar1.jpg,0.5,old
bicycle,vehicle,nonliving,thesis_stim/bicycle_exemplar1.jpg,0.444444,old
refrigerator,appliances,nonliving,thesis_stim/refrigerator_exemplar1.jpg,0.607143,old
shelf,furniture,nonliving,thesis_stim/shelf_exemplar1.jpg,0.477273,old
badminton racquet,sports,nonliving,thesis_stim/badminton_racquet_exemplar1.jpg,0.530612,old
clarinet,music_inst,nonliving,thesis_stim/clarinet_exemplar1.jpg,0.734694,old
ice skate,clothing,nonliving,thesis_stim/ice_skate_exemplar1.jpg,0.392857,old
tour bus,vehicle,nonliving,thesis_stim/tour_bus_exemplar1.jpg,0.755556,old
clown,toys,nonliving,thesis_stim/clown_exemplar1.jpg,0.909091,old
thimble,household_items,nonliving,thesis_stim/thimble_exemplar1.jpg,0.642857,old
tanktop,clothing,nonliving,thesis_stim/tanktop_exemplar1.jpg,0.592593,old
scale,household_items,nonliving,thesis_stim/scale_exemplar1.jpg,0.309524,old
compass,tools,nonliving,thesis_stim/compass_exemplar1.jpg,0.275862,old
porcupine,mammal,living,thesis_stim/porcupine_exemplar1.jpg,0.714286,old
belt,clothing,nonliving,thesis_stim/belt_exemplar1.jpg,0.653061,old
dinosaur,toys,nonliving,thesis_stim/dinosaur_exemplar1.jpg,0.758621,old
q-tip,household_items,nonliving,thesis_stim/q-tip_exemplar1.jpg,0.321429,old
dinner knife,kitchen_items,nonliving,thesis_stim/dinner_knife_exemplar1.jpg,0.285714,old
harp,music_inst,nonliving,thesis_stim/harp_exemplar1.jpg,0.6,old
galleon,vehicle,nonliving,thesis_stim/galleon_exemplar1.jpg,0.571429,old
cap,clothing,nonliving,thesis_stim/cap_exemplar1.jpg,0.408163,old
recycling bin,street_items,nonliving,thesis_stim/recycling_bin_exemplar1.jpg,0.583333,old
coin,household_items,nonliving,thesis_stim/coin_exemplar1.jpg,0.571429,old
helicopter,vehicle,nonliving,thesis_stim/helicopter_exemplar1.jpg,0.596154,old
violin,music_inst,nonliving,thesis_stim/violin_exemplar1.jpg,0.694444,old
congo drum,music_inst,nonliving,thesis_stim/congo_drum_exemplar1.jpg,0.52,old
pincushion,tools,nonliving,thesis_stim/pincushion_exemplar1.jpg,0.333333,old
fish,sea,living,thesis_stim/fish_exemplar1.jpg,0.734694,old
protractor,office_supplies,nonliving,thesis_stim/protractor_exemplar1.jpg,0.38,old
raft,vehicle,nonliving,thesis_stim/raft_exemplar1.jpg,0.458333,old
shield,decor,nonliving,thesis_stim/shield_exemplar1.jpg,0.464286,old
blender,appliances,nonliving,thesis_stim/blender_exemplar1.jpg,0.413793,old
bunkbed,furniture,nonliving,thesis_stim/bunkbed_exemplar1.jpg,0.696429,old
rope,tools,nonliving,thesis_stim/rope_exemplar1.jpg,0.642857,old
satellite dish,tools,nonliving,thesis_stim/satellitedish_exemplar1.jpg,0.24,old
religious statue,decor,nonliving,thesis_stim/religious_statue_exemplar1.jpg,0.342857,old
bowling pins,sports,nonliving,thesis_stim/bowling_pins_exemplar1.jpg,0.290909,old
radio tower,building,nonliving,thesis_stim/radio_tower_exemplar1.jpg,0.711111,old
bike helmet,clothing,nonliving,thesis_stim/bike_helmet_exemplar1.jpg,0.46,old
parking meter,street_items,nonliving,thesis_stim/parking_meter_exemplar1.jpg,0.482759,old
slide,street_items,nonliving,thesis_stim/slide_exemplar1.jpg,0.314286,old
binder,office_supplies,nonliving,thesis_stim/binder_exemplar1.jpg,0.321429,old
glass,kitchen_items,nonliving,thesis_stim/glass_exemplar1.jpg,0.2,old
camera,electronics,nonliving,thesis_stim/camera_exemplar1.jpg,0.490909,old
sand bucket,toys,nonliving,thesis_stim/sand_bucket_exemplar1.jpg,0.38,old
pants,clothing,nonliving,thesis_stim/pants_exemplar1.jpg,0.469388,old
percussion instrument,music_inst,nonliving,thesis_stim/percussion_instrument_exemplar1.jpg,0.527273,old
telephone booth,street_items,nonliving,thesis_stim/telephone_booth_exemplar1.jpg,0.488372,old
bowl,kitchen_items,nonliving,thesis_stim/bowl_exemplar1.jpg,0.571429,old
bridge,building,nonliving,thesis_stim/bridge_exemplar1.jpg,0.638298,old
pelican,birds,living,thesis_stim/pelican_exemplar1.jpg,0.666667,old
table saw,appliances,nonliving,thesis_stim/table_saw_exemplar1.jpg,0.44898,old
sugar shaker,kitchen_items,nonliving,thesis_stim/sugar_shaker_exemplar1.jpg,0.44898,old
dumbbell,sports,nonliving,thesis_stim/dumbbell_exemplar1.jpg,0.510204,old
book,office_supplies,nonliving,thesis_stim/book_exemplar1.jpg,0.433962,old
grandfather clock,furniture,nonliving,thesis_stim/grandfather_clock_exemplar1.jpg,0.444444,old
hot air balloon,vehicle,nonliving,thesis_stim/hot_air_balloon_exemplar1.jpg,0.62069,old
banjo,music_inst,nonliving,thesis_stim/banjo_exemplar1.jpg,0.241379,old
schoolbus,vehicle,nonliving,thesis_stim/schoolbus_exemplar1.jpg,0.622222,old
toilet,furniture,nonliving,thesis_stim/toilet_exemplar1.jpg,0.609756,old
guitar case,music_inst,nonliving,thesis_stim/guitar_case_exemplar1.jpg,0.464286,old
television,electronics,nonliving,thesis_stim/television_exemplar1.jpg,0.448276,old
canoe,vehicle,nonliving,thesis_stim/canoe_exemplar1.jpg,0.367347,old
grill,furniture,nonliving,thesis_stim/grill_exemplar1.jpg,0.409091,old
geode,decor,nonliving,thesis_stim/geode_exemplar1.jpg,0.814815,old
shopping cart,street_items,nonliving,thesis_stim/shopping_cart_exemplar1.jpg,0.611111,old
file cabinet,furniture,nonliving,thesis_stim/file_cabinet_exemplar1.jpg,0.5,old
music stand,music_inst,nonliving,thesis_stim/music_stand_exemplar1.jpg,0.425926,old
amplifier,electronics,nonliving,thesis_stim/amplifier_exemplar1.jpg,0.166667,old
swan,birds,living,thesis_stim/swan_exemplar1.jpg,0.77551,old
greenhouse,building,nonliving,thesis_stim/greenhouse_exemplar1.jpg,0.886364,old
fire hydrant,street_items,nonliving,thesis_stim/fire_hydrant_exemplar1.jpg,0.42,old
cigar,household_items,nonliving,thesis_stim/cigar_exemplar1.jpg,0.625,old
power lines,street_items,nonliving,thesis_stim/power_lines_exemplar1.jpg,0.428571,old
weight bench,sports,nonliving,thesis_stim/weight_bench_exemplar1.jpg,0.545455,old
mosque,building,nonliving,thesis_stim/mosque_exemplar1.jpg,0.482143,old
beach chair,furniture,nonliving,thesis_stim/beach_chair_exemplar1.jpg,0.4,old
ironing board,household_items,nonliving,thesis_stim/ironing_board_exemplar1.jpg,0.5,old
stationary bike,sports,nonliving,thesis_stim/stationary_bike_exemplar1.jpg,0.46,old
dress shoe,clothing,nonliving,thesis_stim/dress_shoe_exemplar1.jpg,0.535714,old
vcr,appliances,nonliving,thesis_stim/vcr_exemplar1.jpg,0.488889,old
balloon,toys,nonliving,thesis_stim/balloon_exemplar1.jpg,0.446429,old
toy xylophone,toys,nonliving,thesis_stim/toy_xylophone_exemplar1.jpg,0.277778,old
organ,music_inst,nonliving,thesis_stim/organ_exemplar1.jpg,0.571429,old
rubber duck,toys,nonliving,thesis_stim/rubber_duck_exemplar1.jpg,0.666667,old
trophy,decor,nonliving,thesis_stim/trophy_exemplar1.jpg,0.3,old
kettle,kitchen_items,nonliving,thesis_stim/kettle_exemplar1.jpg,0.413793,old
wrench,tools,nonliving,thesis_stim/wrench_exemplar1.jpg,0.553571,old
totem pole,decor,nonliving,thesis_stim/totempole_exemplar1.jpg,0.622222222,old
strainer,tools,nonliving,thesis_stim/strainer_exemplar1.jpg,0.42,old
clock,household_items,nonliving,thesis_stim/clock_exemplar1.jpg,0.444444,old
office building,building,nonliving,thesis_stim/office_building_exemplar1.jpg,0.551724,old
grater,kitchen_items,nonliving,thesis_stim/grater_exemplar1.jpg,0.555556,old
police car,vehicle,nonliving,thesis_stim/police_car_exemplar1.jpg,0.333333,old
waffle iron,appliances,nonliving,thesis_stim/waffle_iron_exemplar1.jpg,0.451613,old
triangle,music_inst,nonliving,thesis_stim/triangle_exemplar1.jpg,0.4375,old
old camera,electronics,nonliving,thesis_stim/old_camera_exemplar1.jpg,0.310345,old
cigarette,household_items,nonliving,thesis_stim/cigarette_exemplar1.jpg,0.75,old
cellphone,electronics,nonliving,thesis_stim/cellphone_exemplar1.jpg,0.613636,old
biplane,vehicle,nonliving,thesis_stim/biplane_exemplar1.jpg,0.46,old
diploma,office_supplies,nonliving,thesis_stim/diploma_exemplar1.jpg,0.423077,old
ray,sea,living,thesis_stim/ray_exemplar1.jpg,0.821429,old
surfboard,sports,nonliving,thesis_stim/surfboard_exemplar1.jpg,0.530612,old
jet-ski,vehicle,nonliving,thesis_stim/jet-ski_exemplar1.jpg,0.310345,old
hollywood star,decor,nonliving,thesis_stim/hollywood_star_exemplar1.jpg,0.591837,old
tray,kitchen_items,nonliving,thesis_stim/tray_exemplar1.jpg,0.4,old
tambourine,music_inst,nonliving,thesis_stim/tambourine_exemplar1.jpg,0.64,old
french press,kitchen_items,nonliving,thesis_stim/french_press_exemplar1.jpg,0.68,old
minivan,vehicle,nonliving,thesis_stim/minivan_exemplar1.jpg,0.18,old
water gun,toys,nonliving,thesis_stim/water_gun_exemplar1.jpg,0.571429,old
flute,music_inst,nonliving,thesis_stim/flute_exemplar1.jpg,0.5,old
treasure chest,decor,nonliving,thesis_stim/treasure_chest_exemplar1.jpg,0.45614,old
dolphin,sea,living,thesis_stim/dolphin_exemplar1.jpg,0.795918,old
fountain,street_items,nonliving,thesis_stim/fountain_exemplar1.jpg,0.618182,old
water fountain,street_items,nonliving,thesis_stim/water_fountain_exemplar1.jpg,0.571429,old
rock-climbing shoe,clothing,nonliving,thesis_stim/rock-climbing_shoe_exemplar1.jpg,0.371429,old
hockey mask,sports,nonliving,thesis_stim/hockey_mask_exemplar1.jpg,0.7,old
wagon wheel,vehicle,nonliving,thesis_stim/wagon_wheel_exemplar1.jpg,0.4,old
ski mask,clothing,nonliving,thesis_stim/ski_mask_exemplar1.jpg,0.77551,old
headphone,electronics,nonliving,thesis_stim/headphone_exemplar1.jpg,0.535714,old
dollhouse,toys,nonliving,thesis_stim/dollhouse_exemplar1.jpg,0.285714,old
boot,clothing,nonliving,thesis_stim/boot_exemplar1.jpg,0.47619,old
measuring tape,tools,nonliving,thesis_stim/measuring_tape_exemplar1.jpg,0.344828,old
skirt,clothing,nonliving,thesis_stim/skirt_exemplar1.jpg,0.454545,old
hand mirror,household_items,nonliving,thesis_stim/hand_mirror_exemplar1.jpg,0.416667,old
lock,tools,nonliving,thesis_stim/lock_exemplar1.jpg,0.37931,old
earthworm,insect,living,thesis_stim/earthworm_exemplar1.jpg,0.655172,old
ashtray,furniture,nonliving,thesis_stim/ashtray_exemplar1.jpg,0.76,old
car,vehicle,nonliving,thesis_stim/car_exemplar1.jpg,0.34,old
dress,clothing,nonliving,thesis_stim/dress_exemplar1.jpg,0.387755,old
lip phone,decor,nonliving,thesis_stim/lip_phone_exemplar1.jpg,0.791667,old
moth,insect,living,thesis_stim/moth_exemplar1.jpg,0.86,old
shark,sea,living,thesis_stim/shark_exemplar1.jpg,0.758621,old
spotlight,furniture,nonliving,thesis_stim/spotlight_exemplar1.jpg,0.350877,old
ferris wheel,building,nonliving,thesis_stim/ferris_wheel_exemplar1.jpg,0.482759,old
aqueduct,building,nonliving,thesis_stim/aqueduct_exemplar1.jpg,0.54,old
basketball,sports,nonliving,thesis_stim/basketball_exemplar1.jpg,0.527273,old
pyramid,building,nonliving,thesis_stim/pyramid_exemplar1.jpg,0.485714,old
rainboot,clothing,nonliving,thesis_stim/rainboot_exemplar1.jpg,0.321429,old
wooden fence,street_items,nonliving,thesis_stim/wooden_fence_exemplar1.jpg,0.36,old
ant,insect,living,thesis_stim/ant_exemplar1.jpg,0.772727,old
circuit board,electronics,nonliving,thesis_stim/circuit_board_exemplar1.jpg,0.611111,old
polaroid,electronics,nonliving,thesis_stim/polaroid_exemplar1.jpg,0.407407,old
silo,building,nonliving,thesis_stim/silo_exemplar1.jpg,0.52,old
scooter,vehicle,nonliving,thesis_stim/scooter_exemplar1.jpg,0.177778,old
baseball bat,sports,nonliving,thesis_stim/baseball_bat_exemplar1.jpg,0.607143,old
ostrich,birds,living,thesis_stim/ostrich_exemplar1.jpg,0.842105,old
trash bin,street_items,nonliving,thesis_stim/trash_bin_exemplar1.jpg,0.42,old
salmon,sea,living,thesis_stim/salmon_exemplar1.jpg,0.533333,old
shrimp,sea,living,thesis_stim/shrimp_exemplar1.jpg,0.890909,old
boxing gloves,sports,nonliving,thesis_stim/boxing_gloves_exemplar1.jpg,0.795918,old
yarn,tools,nonliving,thesis_stim/yarn_exemplar1.jpg,0.561404,old
camcorder,electronics,nonliving,thesis_stim/camcorder_exemplar1.jpg,0.265306,old
beetle,insect,living,thesis_stim/beetle_exemplar1.jpg,0.745455,old
mandolin,music_inst,nonliving,thesis_stim/mandolin_exemplar1.jpg,0.409091,old
lawnmower,appliances,nonliving,thesis_stim/lawnmower_exemplar1.jpg,0.5,old
rattle,toys,nonliving,thesis_stim/rattle_exemplar1.jpg,0.305556,old
globe,decor,nonliving,thesis_stim/globe_exemplar1.jpg,0.622222,old
earring,clothing,nonliving,thesis_stim/earring_exemplar1.jpg,0.535714,old
swimsuit,clothing,nonliving,thesis_stim/swimsuit_exemplar1.jpg,0.535714,old
frying pan,kitchen_items,nonliving,thesis_stim/frying_pan_exemplar1.jpg,0.574074,old
house,building,nonliving,thesis_stim/house_exemplar1.jpg,0.44898,old
hamster cage,household_items,nonliving,thesis_stim/hamster_cage_exemplar1.jpg,0.58,old
sewing machine,appliances,nonliving,thesis_stim/sewing_machine_exemplar1.jpg,0.444444,old
robin,birds,living,thesis_stim/robin_exemplar1.jpg,0.92,old
pig,mammal,living,thesis_stim/pig_exemplar1.jpg,0.666667,old
pail,tools,nonliving,thesis_stim/pail_exemplar1.jpg,0.320755,old
owl,birds,living,thesis_stim/owl_exemplar1.jpg,0.816327,old
space shuttle,vehicle,nonliving,thesis_stim/space_shuttle_exemplar1.jpg,0.557692,old
dishwasher,appliances,nonliving,thesis_stim/dishwasher_exemplar1.jpg,0.458333,old
pool,street_items,nonliving,thesis_stim/pool_exemplar1.jpg,0.413793,old
magazine rack,furniture,nonliving,thesis_stim/magazine_rack_exemplar1.jpg,0.469388,old
medal,decor,nonliving,thesis_stim/medal_exemplar1.jpg,0.466667,old
syringe,tools,nonliving,thesis_stim/syringe_exemplar1.jpg,0.6,old
bed,furniture,nonliving,thesis_stim/bed_exemplar1.jpg,0.138889,old
ski,sports,nonliving,thesis_stim/ski_exemplar1.jpg,0.4,old
firetruck,vehicle,nonliving,thesis_stim/firetruck_exemplar1.jpg,0.88,old
clamp,tools,nonliving,thesis_stim/clamp_exemplar1.jpg,0.5,old
tent,sports,nonliving,thesis_stim/tent_exemplar1.jpg,0.527778,old
vacuum,appliances,nonliving,thesis_stim/vacuum_exemplar1.jpg,0.488889,old
bulldozer,vehicle,nonliving,thesis_stim/bulldozer_exemplar1.jpg,0.413793,old
in basket,office_supplies,nonliving,thesis_stim/in_basket_exemplar1.jpg,0.533333,old
crib,furniture,nonliving,thesis_stim/crib_exemplar1.jpg,0.3,old
cricket,insect,living,thesis_stim/cricket_exemplar1.jpg,0.727273,old
muffin tin,kitchen_items,nonliving,thesis_stim/muffin_tin_exemplar1.jpg,0.48,old
tile,decor,nonliving,thesis_stim/tile_exemplar1.jpg,0.194444,old
tricycle,vehicle,nonliving,thesis_stim/tricycle_exemplar1.jpg,0.34,old
slinky,toys,nonliving,thesis_stim/slinky_exemplar1.jpg,0.457143,old
pen,office_supplies,nonliving,thesis_stim/pen_exemplar1.jpg,0.2,old
ATM,street_items,nonliving,thesis_stim/atm_exemplar1.jpg,0.577778,old
whistle,tools,nonliving,thesis_stim/whistle_exemplar1.jpg,0.697674,old
computer keyboard,electronics,nonliving,thesis_stim/computer_keyboard_exemplar1.jpg,0.457143,old
air conditioner,street_items,nonliving,thesis_stim/air_conditioner_exemplar1.jpg,0.491228,old
reindeer,mammal,living,thesis_stim/reindeer_exemplar1.jpg,0.822222,old
breadbox,kitchen_items,nonliving,thesis_stim/breadbox_exemplar1.jpg,0.422222,old
bow tie,clothing,nonliving,thesis_stim/bow_tie_exemplar1.jpg,0.448276,old
sailor hat,clothing,nonliving,thesis_stim/sailor_hat_exemplar1.jpg,0.4,old
bear,mammal,living,thesis_stim/bear_exemplar1.jpg,0.8,old
cooking pot,kitchen_items,nonliving,thesis_stim/cooking_pot_exemplar1.jpg,0.32,old
piggybank,decor,nonliving,thesis_stim/piggybank_exemplar1.jpg,0.166667,old
drum,music_inst,nonliving,thesis_stim/drum_exemplar1.jpg,0.56,old
skateboard,sports,nonliving,thesis_stim/skateboard_exemplar1.jpg,0.413793,old
kayak,sports,nonliving,thesis_stim/kayak_exemplar1.jpg,0.55102,old
scroll,decor,nonliving,thesis_stim/scroll_exemplar1.jpg,0.4,old
windmill,building,nonliving,thesis_stim/windmill_exemplar1.jpg,0.422222,old
crayon,toys,nonliving,thesis_stim/crayon_exemplar1.jpg,0.48,old
purse,clothing,nonliving,thesis_stim/purse_exemplar1.jpg,0.25,old
scorpion,insect,living,thesis_stim/scorpion_exemplar1.jpg,0.9,old
armoire,furniture,nonliving,thesis_stim/armoire_exemplar1.jpg,0.517241,old
pencil,household_items,nonliving,thesis_stim/pencil_exemplar1.jpg,0.777778,old
canteen,tools,nonliving,thesis_stim/canteen_exemplar1.jpg,0.482143,old
shovel,tools,nonliving,thesis_stim/shovel_exemplar1.jpg,0.488889,old
pick,tools,nonliving,thesis_stim/pick_exemplar1.jpg,0.586207,old
perfume,household_items,nonliving,thesis_stim/perfume_exemplar1.jpg,0.428571,old
jewlery box,decor,nonliving,thesis_stim/jewlery_box_exemplar1.jpg,0.44186,old
toaster oven,appliances,nonliving,thesis_stim/toaster_oven_exemplar1.jpg,0.5,old
